;             
CREATE USER IF NOT EXISTS SA PASSWORD '' ADMIN;               
CREATE SEQUENCE PUBLIC.SYSTEM_SEQUENCE_08DDEB01_F256_466E_A1BE_31257970DE53 START WITH 582 BELONGS_TO_TABLE;  
CREATE SEQUENCE PUBLIC.SYSTEM_SEQUENCE_EE05EB99_BB68_45EE_AF68_2366800F3E7B START WITH 6 BELONGS_TO_TABLE;    
CREATE MEMORY TABLE PUBLIC.DATABASECHANGELOGLOCK(
    ID INT NOT NULL,
    LOCKED BOOLEAN NOT NULL,
    LOCKGRANTED TIMESTAMP,
    LOCKEDBY VARCHAR(255)
);              
ALTER TABLE PUBLIC.DATABASECHANGELOGLOCK ADD CONSTRAINT PUBLIC.PK_DATABASECHANGELOGLOCK PRIMARY KEY(ID);      
-- 1 +/- SELECT COUNT(*) FROM PUBLIC.DATABASECHANGELOGLOCK;   
INSERT INTO PUBLIC.DATABASECHANGELOGLOCK(ID, LOCKED, LOCKGRANTED, LOCKEDBY) VALUES(1, FALSE, NULL, NULL);     
CREATE MEMORY TABLE PUBLIC.DATABASECHANGELOG(
    ID VARCHAR(255) NOT NULL,
    AUTHOR VARCHAR(255) NOT NULL,
    FILENAME VARCHAR(255) NOT NULL,
    DATEEXECUTED TIMESTAMP NOT NULL,
    ORDEREXECUTED INT NOT NULL,
    EXECTYPE VARCHAR(10) NOT NULL,
    MD5SUM VARCHAR(35),
    DESCRIPTION VARCHAR(255),
    COMMENTS VARCHAR(255),
    TAG VARCHAR(255),
    LIQUIBASE VARCHAR(20),
    CONTEXTS VARCHAR(255),
    LABELS VARCHAR(255),
    DEPLOYMENT_ID VARCHAR(10)
);               
-- 1 +/- SELECT COUNT(*) FROM PUBLIC.DATABASECHANGELOG;       
INSERT INTO PUBLIC.DATABASECHANGELOG(ID, AUTHOR, FILENAME, DATEEXECUTED, ORDEREXECUTED, EXECTYPE, MD5SUM, DESCRIPTION, COMMENTS, TAG, LIQUIBASE, CONTEXTS, LABELS, DEPLOYMENT_ID) VALUES('1', 'taaraora', 'classpath:/db/changelog/db.changelog-master.yaml', TIMESTAMP '2018-02-08 08:42:08.045', 1, 'EXECUTED', '7:5449a5504c336c36b7ad7f2bb1bdb46c', 'createTable tableName=sector; createTable tableName=sectors_selection; createTable tableName=user_selections_sectors; addForeignKeyConstraint baseTableName=user_selections_sectors, constraintName=fk_user_selections_sectors_to_sector, referencedTab...', '', NULL, '3.5.3', NULL, NULL, '8072127954');           
CREATE MEMORY TABLE PUBLIC.SECTOR(
    ID BIGINT DEFAULT (NEXT VALUE FOR PUBLIC.SYSTEM_SEQUENCE_08DDEB01_F256_466E_A1BE_31257970DE53) NOT NULL NULL_TO_DEFAULT SEQUENCE PUBLIC.SYSTEM_SEQUENCE_08DDEB01_F256_466E_A1BE_31257970DE53,
    NAME VARCHAR(50) NOT NULL,
    LEFT BIGINT NOT NULL,
    RIGHT BIGINT NOT NULL
);               
ALTER TABLE PUBLIC.SECTOR ADD CONSTRAINT PUBLIC.PK_SECTOR PRIMARY KEY(ID);    
-- 79 +/- SELECT COUNT(*) FROM PUBLIC.SECTOR; 
INSERT INTO PUBLIC.SECTOR(ID, NAME, LEFT, RIGHT) VALUES(1, 'Manufacturing', 1, 119);          
INSERT INTO PUBLIC.SECTOR(ID, NAME, LEFT, RIGHT) VALUES(2, 'Service', 128, 157);              
INSERT INTO PUBLIC.SECTOR(ID, NAME, LEFT, RIGHT) VALUES(3, 'Other', 120, 127);
INSERT INTO PUBLIC.SECTOR(ID, NAME, LEFT, RIGHT) VALUES(5, 'Printing', 97, 104);              
INSERT INTO PUBLIC.SECTOR(ID, NAME, LEFT, RIGHT) VALUES(6, 'Food and Beverage', 6, 21);       
INSERT INTO PUBLIC.SECTOR(ID, NAME, LEFT, RIGHT) VALUES(7, 'Textile and Clothing', 105, 110); 
INSERT INTO PUBLIC.SECTOR(ID, NAME, LEFT, RIGHT) VALUES(8, 'Wood', 111, 118); 
INSERT INTO PUBLIC.SECTOR(ID, NAME, LEFT, RIGHT) VALUES(9, 'Plastic and Rubber', 81, 96);     
INSERT INTO PUBLIC.SECTOR(ID, NAME, LEFT, RIGHT) VALUES(11, 'Metalworking', 64, 80);          
INSERT INTO PUBLIC.SECTOR(ID, NAME, LEFT, RIGHT) VALUES(12, 'Machinery', 42, 63);             
INSERT INTO PUBLIC.SECTOR(ID, NAME, LEFT, RIGHT) VALUES(13, 'Furniture', 22, 41);             
INSERT INTO PUBLIC.SECTOR(ID, NAME, LEFT, RIGHT) VALUES(18, 'Electronics and Optics', 4, 5);  
INSERT INTO PUBLIC.SECTOR(ID, NAME, LEFT, RIGHT) VALUES(19, 'Construction materials', 2, 3);  
INSERT INTO PUBLIC.SECTOR(ID, NAME, LEFT, RIGHT) VALUES(21, 'Transport and Logistics', 147, 156);             
INSERT INTO PUBLIC.SECTOR(ID, NAME, LEFT, RIGHT) VALUES(22, 'Tourism', 143, 144);             
INSERT INTO PUBLIC.SECTOR(ID, NAME, LEFT, RIGHT) VALUES(25, 'Business services', 129, 130);   
INSERT INTO PUBLIC.SECTOR(ID, NAME, LEFT, RIGHT) VALUES(28, 'Information Technology and Telecommunications', 133, 142);       
INSERT INTO PUBLIC.SECTOR(ID, NAME, LEFT, RIGHT) VALUES(29, 'Energy technology', 123, 124);   
INSERT INTO PUBLIC.SECTOR(ID, NAME, LEFT, RIGHT) VALUES(33, 'Environment', 125, 126);         
INSERT INTO PUBLIC.SECTOR(ID, NAME, LEFT, RIGHT) VALUES(35, 'Engineering', 131, 132);         
INSERT INTO PUBLIC.SECTOR(ID, NAME, LEFT, RIGHT) VALUES(37, 'Creative industries', 121, 122); 
INSERT INTO PUBLIC.SECTOR(ID, NAME, LEFT, RIGHT) VALUES(39, 'Milk & dairy products', 15, 16); 
INSERT INTO PUBLIC.SECTOR(ID, NAME, LEFT, RIGHT) VALUES(40, 'Meat & meat products', 13, 14);  
INSERT INTO PUBLIC.SECTOR(ID, NAME, LEFT, RIGHT) VALUES(42, 'Fish & fish products', 11, 12);  
INSERT INTO PUBLIC.SECTOR(ID, NAME, LEFT, RIGHT) VALUES(43, 'Beverages', 9, 10);              
INSERT INTO PUBLIC.SECTOR(ID, NAME, LEFT, RIGHT) VALUES(44, 'Clothing', 106, 107);            
INSERT INTO PUBLIC.SECTOR(ID, NAME, LEFT, RIGHT) VALUES(45, 'Textile', 108, 109);             
INSERT INTO PUBLIC.SECTOR(ID, NAME, LEFT, RIGHT) VALUES(47, 'Wooden houses', 116, 117);       
INSERT INTO PUBLIC.SECTOR(ID, NAME, LEFT, RIGHT) VALUES(51, 'Wooden building materials', 114, 115);           
INSERT INTO PUBLIC.SECTOR(ID, NAME, LEFT, RIGHT) VALUES(53, 'Plastics welding and processing', 91, 92);       
INSERT INTO PUBLIC.SECTOR(ID, NAME, LEFT, RIGHT) VALUES(54, 'Packaging', 82, 83);             
INSERT INTO PUBLIC.SECTOR(ID, NAME, LEFT, RIGHT) VALUES(55, 'Blowing', 87, 88);               
INSERT INTO PUBLIC.SECTOR(ID, NAME, LEFT, RIGHT) VALUES(57, 'Moulding', 89, 90);              
INSERT INTO PUBLIC.SECTOR(ID, NAME, LEFT, RIGHT) VALUES(62, 'Forgings, Fasteners', 74, 75);   
INSERT INTO PUBLIC.SECTOR(ID, NAME, LEFT, RIGHT) VALUES(66, 'MIG, TIG, Aluminum welding', 78, 79);            
INSERT INTO PUBLIC.SECTOR(ID, NAME, LEFT, RIGHT) VALUES(67, 'Construction of metal structures', 65, 66);      
INSERT INTO PUBLIC.SECTOR(ID, NAME, LEFT, RIGHT) VALUES(69, 'Gas, Plasma, Laser cutting', 76, 77);            
INSERT INTO PUBLIC.SECTOR(ID, NAME, LEFT, RIGHT) VALUES(75, 'CNC-machining', 72, 73);         
INSERT INTO PUBLIC.SECTOR(ID, NAME, LEFT, RIGHT) VALUES(91, 'Machinery equipment/tools', 45, 46);             
INSERT INTO PUBLIC.SECTOR(ID, NAME, LEFT, RIGHT) VALUES(93, 'Metal structures', 57, 58);      
INSERT INTO PUBLIC.SECTOR(ID, NAME, LEFT, RIGHT) VALUES(94, 'Machinery components', 43, 44);  
INSERT INTO PUBLIC.SECTOR(ID, NAME, LEFT, RIGHT) VALUES(97, 'Maritime', 49, 56);              
INSERT INTO PUBLIC.SECTOR(ID, NAME, LEFT, RIGHT) VALUES(98, 'Kitchen', 29, 30);               
INSERT INTO PUBLIC.SECTOR(ID, NAME, LEFT, RIGHT) VALUES(99, 'Project furniture', 39, 40);     
INSERT INTO PUBLIC.SECTOR(ID, NAME, LEFT, RIGHT) VALUES(101, 'Living room', 31, 32);          
INSERT INTO PUBLIC.SECTOR(ID, NAME, LEFT, RIGHT) VALUES(111, 'Air', 148, 149);
INSERT INTO PUBLIC.SECTOR(ID, NAME, LEFT, RIGHT) VALUES(112, 'Road', 152, 153);               
INSERT INTO PUBLIC.SECTOR(ID, NAME, LEFT, RIGHT) VALUES(113, 'Water', 154, 155);              
INSERT INTO PUBLIC.SECTOR(ID, NAME, LEFT, RIGHT) VALUES(114, 'Rail', 150, 151);               
INSERT INTO PUBLIC.SECTOR(ID, NAME, LEFT, RIGHT) VALUES(121, 'Software, Hardware', 138, 139); 
INSERT INTO PUBLIC.SECTOR(ID, NAME, LEFT, RIGHT) VALUES(122, 'Telecommunications', 140, 141); 
INSERT INTO PUBLIC.SECTOR(ID, NAME, LEFT, RIGHT) VALUES(141, 'Translation services', 145, 146);               
INSERT INTO PUBLIC.SECTOR(ID, NAME, LEFT, RIGHT) VALUES(145, 'Labelling and packaging printing', 102, 103);   
INSERT INTO PUBLIC.SECTOR(ID, NAME, LEFT, RIGHT) VALUES(148, 'Advertising', 98, 99);          
INSERT INTO PUBLIC.SECTOR(ID, NAME, LEFT, RIGHT) VALUES(150, 'Book/Periodicals printing', 100, 101);          
INSERT INTO PUBLIC.SECTOR(ID, NAME, LEFT, RIGHT) VALUES(224, 'Manufacture of machinery', 47, 48);             
INSERT INTO PUBLIC.SECTOR(ID, NAME, LEFT, RIGHT) VALUES(227, 'Repair and maintenance service', 61, 62);       
INSERT INTO PUBLIC.SECTOR(ID, NAME, LEFT, RIGHT) VALUES(230, 'Ship repair and conversion', 54, 55);           
INSERT INTO PUBLIC.SECTOR(ID, NAME, LEFT, RIGHT) VALUES(263, 'Houses and buildings', 67, 68); 
INSERT INTO PUBLIC.SECTOR(ID, NAME, LEFT, RIGHT) VALUES(267, 'Metal products', 69, 70);       
INSERT INTO PUBLIC.SECTOR(ID, NAME, LEFT, RIGHT) VALUES(269, 'Boat/Yacht building', 52, 53);  
INSERT INTO PUBLIC.SECTOR(ID, NAME, LEFT, RIGHT) VALUES(271, 'Aluminium and steel workboats', 50, 51);        
INSERT INTO PUBLIC.SECTOR(ID, NAME, LEFT, RIGHT) VALUES(337, 'Other (Wood)', 112, 113);       
INSERT INTO PUBLIC.SECTOR(ID, NAME, LEFT, RIGHT) VALUES(341, 'Outdoor', 37, 38);              
INSERT INTO PUBLIC.SECTOR(ID, NAME, LEFT, RIGHT) VALUES(342, 'Bakery & confectionery products', 7, 8);        
INSERT INTO PUBLIC.SECTOR(ID, NAME, LEFT, RIGHT) VALUES(378, 'Sweets & snack food', 19, 20);  
INSERT INTO PUBLIC.SECTOR(ID, NAME, LEFT, RIGHT) VALUES(385, 'Bedroom', 25, 26);              
INSERT INTO PUBLIC.SECTOR(ID, NAME, LEFT, RIGHT) VALUES(389, 'Bathroom/sauna', 23, 24);       
INSERT INTO PUBLIC.SECTOR(ID, NAME, LEFT, RIGHT) VALUES(390, STRINGDECODE('Children\u2019s room'), 27, 28);   
INSERT INTO PUBLIC.SECTOR(ID, NAME, LEFT, RIGHT) VALUES(392, 'Office', 33, 34);               
INSERT INTO PUBLIC.SECTOR(ID, NAME, LEFT, RIGHT) VALUES(394, 'Other (Furniture)', 35, 36);    
INSERT INTO PUBLIC.SECTOR(ID, NAME, LEFT, RIGHT) VALUES(437, 'Other', 17, 18);
INSERT INTO PUBLIC.SECTOR(ID, NAME, LEFT, RIGHT) VALUES(508, 'Other', 59, 60);
INSERT INTO PUBLIC.SECTOR(ID, NAME, LEFT, RIGHT) VALUES(542, 'Metal works', 71, 78);          
INSERT INTO PUBLIC.SECTOR(ID, NAME, LEFT, RIGHT) VALUES(556, 'Plastic goods', 84, 85);        
INSERT INTO PUBLIC.SECTOR(ID, NAME, LEFT, RIGHT) VALUES(559, 'Plastic processing technology', 86, 93);        
INSERT INTO PUBLIC.SECTOR(ID, NAME, LEFT, RIGHT) VALUES(560, 'Plastic profiles', 94, 95);     
INSERT INTO PUBLIC.SECTOR(ID, NAME, LEFT, RIGHT) VALUES(576, 'Programming, Consultancy', 136, 137);           
INSERT INTO PUBLIC.SECTOR(ID, NAME, LEFT, RIGHT) VALUES(581, 'Data processing, Web portals, E-marketing', 134, 135);          
CREATE MEMORY TABLE PUBLIC.SECTORS_SELECTION(
    ID BIGINT DEFAULT (NEXT VALUE FOR PUBLIC.SYSTEM_SEQUENCE_EE05EB99_BB68_45EE_AF68_2366800F3E7B) NOT NULL NULL_TO_DEFAULT SEQUENCE PUBLIC.SYSTEM_SEQUENCE_EE05EB99_BB68_45EE_AF68_2366800F3E7B,
    CUSTOMER_NAME VARCHAR(50) NOT NULL,
    AGREED BOOLEAN NOT NULL
);    
ALTER TABLE PUBLIC.SECTORS_SELECTION ADD CONSTRAINT PUBLIC.PK_SECTORS_SELECTION PRIMARY KEY(ID);              
-- 5 +/- SELECT COUNT(*) FROM PUBLIC.SECTORS_SELECTION;       
INSERT INTO PUBLIC.SECTORS_SELECTION(ID, CUSTOMER_NAME, AGREED) VALUES(1, 'Dima', TRUE);      
INSERT INTO PUBLIC.SECTORS_SELECTION(ID, CUSTOMER_NAME, AGREED) VALUES(2, 'My name is JS', TRUE);             
INSERT INTO PUBLIC.SECTORS_SELECTION(ID, CUSTOMER_NAME, AGREED) VALUES(3, 'My name is Golang', TRUE);         
INSERT INTO PUBLIC.SECTORS_SELECTION(ID, CUSTOMER_NAME, AGREED) VALUES(4, 'My name is Java', TRUE);           
INSERT INTO PUBLIC.SECTORS_SELECTION(ID, CUSTOMER_NAME, AGREED) VALUES(5, 'correct name', TRUE);              
CREATE MEMORY TABLE PUBLIC.USER_SELECTIONS_SECTORS(
    SELECTED_SECTORS_ID BIGINT NOT NULL,
    SELECTION_ID BIGINT NOT NULL
);           
ALTER TABLE PUBLIC.USER_SELECTIONS_SECTORS ADD CONSTRAINT PUBLIC.PK_USER_SELECTIONS_SECTORS PRIMARY KEY(SELECTED_SECTORS_ID, SELECTION_ID);   
-- 10 +/- SELECT COUNT(*) FROM PUBLIC.USER_SELECTIONS_SECTORS;
INSERT INTO PUBLIC.USER_SELECTIONS_SECTORS(SELECTED_SECTORS_ID, SELECTION_ID) VALUES(1, 1);   
INSERT INTO PUBLIC.USER_SELECTIONS_SECTORS(SELECTED_SECTORS_ID, SELECTION_ID) VALUES(6, 1);   
INSERT INTO PUBLIC.USER_SELECTIONS_SECTORS(SELECTED_SECTORS_ID, SELECTION_ID) VALUES(378, 2); 
INSERT INTO PUBLIC.USER_SELECTIONS_SECTORS(SELECTED_SECTORS_ID, SELECTION_ID) VALUES(385, 2); 
INSERT INTO PUBLIC.USER_SELECTIONS_SECTORS(SELECTED_SECTORS_ID, SELECTION_ID) VALUES(227, 2); 
INSERT INTO PUBLIC.USER_SELECTIONS_SECTORS(SELECTED_SECTORS_ID, SELECTION_ID) VALUES(18, 3);  
INSERT INTO PUBLIC.USER_SELECTIONS_SECTORS(SELECTED_SECTORS_ID, SELECTION_ID) VALUES(114, 3); 
INSERT INTO PUBLIC.USER_SELECTIONS_SECTORS(SELECTED_SECTORS_ID, SELECTION_ID) VALUES(113, 3); 
INSERT INTO PUBLIC.USER_SELECTIONS_SECTORS(SELECTED_SECTORS_ID, SELECTION_ID) VALUES(35, 4);  
INSERT INTO PUBLIC.USER_SELECTIONS_SECTORS(SELECTED_SECTORS_ID, SELECTION_ID) VALUES(576, 5); 
ALTER TABLE PUBLIC.SECTOR ADD CONSTRAINT PUBLIC.CONSTRAINT_91 UNIQUE(LEFT);   
ALTER TABLE PUBLIC.SECTORS_SELECTION ADD CONSTRAINT PUBLIC.CONSTRAINT_D UNIQUE(CUSTOMER_NAME);
ALTER TABLE PUBLIC.SECTOR ADD CONSTRAINT PUBLIC.CONSTRAINT_9 UNIQUE(RIGHT);   
ALTER TABLE PUBLIC.USER_SELECTIONS_SECTORS ADD CONSTRAINT PUBLIC.FK_USER_SELECTIONS_SECTORS_TO_SECTORS_SELECTION FOREIGN KEY(SELECTION_ID) REFERENCES PUBLIC.SECTORS_SELECTION(ID) NOCHECK;   
ALTER TABLE PUBLIC.USER_SELECTIONS_SECTORS ADD CONSTRAINT PUBLIC.FK_USER_SELECTIONS_SECTORS_TO_SECTOR FOREIGN KEY(SELECTED_SECTORS_ID) REFERENCES PUBLIC.SECTOR(ID) NOCHECK;  
